keyword,cluster,intent,landing_page
Tibetan thangka pendant,Thangka,PDP/Collection,Tibetan Thangka Pendants
Tibetan pendant necklace,Thangka,Collection,Tibetan Thangka Pendants
Buddhist pendant necklace,Spiritual Jewelry,Collection,Spiritual Necklaces
Green Tara pendant,Symbol,Collection,Green Tara Jewelry
Buddha eye pendant,Symbol,Collection,Buddha Eye Pendants
spiritual necklace,Spiritual Jewelry,Collection,Spiritual Necklaces
meaningful jewelry,Gift,Collection,Meaningful Gifts for Her
mindful jewelry,Gift,Collection,Meaningful Gifts for Her
zodiac guardian jewelry,Zodiac,Collection,Zodiac Guardian Jewelry
Chinese zodiac pendant,Zodiac,Blog/Collection,Zodiac Guardian Jewelry
meditation jewelry,Use Case,Collection,Spiritual Necklaces
wearable Tibetan art,Brand,Homepage,Tibetan Thangka Pendants
amethyst beaded bracelet,Crystal Bracelet,PDP/Collection,Purple Crystal Bracelets
purple crystal bracelet,Crystal Bracelet,Collection,Purple Crystal Bracelets
meaningful gifts for her,Gift,Collection,Meaningful Gifts for Her
spiritual gifts for women,Gift,Blog/Collection,Meaningful Gifts for Her
